{
    "BTQ": 0.5709741618381684,
    "LTQ": 0.5830531505909041,
    "HTQ": 0.5770136562145363,
    "Coverage_simple": [
        {
            "('9106', '2', '46', '4', '9103')": 0.47392176529588764,
            "('6844', '6634', '30', '9120', '9091')": 0.059679037111334
        },
        {
            "('3', '5', '4', '46', '2')": 0.37738214643931794,
            "('2', '9077', '9106', '3', '5')": 0.4418254764292879,
            "('36', '37', '6844', '34', '35')": 0.1213640922768305,
            "('3', '9087', '5', '59', '9077')": 0.23946840521564694
        }
    ],
    "Coverage_doc": [
        -11.84035721638502,
        -13.796479753218048
    ],
    "Coverage_vocab": [
        -0.49133023370641915,
        -1.895684613787218
    ],
    "child_relatedness": {
        "('9106', '2', '46', '4', '9103')": 4.033157293644573,
        "('6844', '6634', '30', '9120', '9091')": -11.516735599137865
    },
    "non_child_relatedness": {
        "('9106', '2', '46', '4', '9103')": -27.63102111591473,
        "('6844', '6634', '30', '9120', '9091')": -27.63102111591473
    }
}