{
    "BTQ": 0.6556860791309493,
    "LTQ": 0.6674032161222976,
    "HTQ": 0.6615446476266235,
    "Coverage_simple": [
        {
            "('P17', 'P31', 'P131', 'Q30', 'P421')": 0.008,
            "('P31', 'Q5', 'P54', 'P27', 'P735')": 0.038
        },
        {
            "('P31', 'P175', 'P264', 'Q482994', 'P136')": 0.001,
            "('P161', 'P495', 'P136', 'P31', 'Q11424')": 0.015,
            "('P105', 'Q16521', 'P31', 'P171', 'Q7432')": 0.0,
            "('P106', 'P31', 'Q5', 'P27', 'P19')": 0.036,
            "('P47', 'P421', 'Q6723', 'Q6655', 'Q36')": 0.011,
            "('P47', 'P131', 'P17', 'P190', 'Q408')": 0.017
        }
    ],
    "Coverage_doc": [
        -8.51705758763799,
        -13.852711016901841
    ],
    "Coverage_vocab": [
        -3.8780027333950855,
        -0.9591844002172548
    ],
    "child_relatedness": {
        "('P31', 'Q5', 'P54', 'P27', 'P735')": 2.5373610451249227,
        "('P17', 'P31', 'P131', 'Q30', 'P421')": 2.3920634310922084
    },
    "non_child_relatedness": {
        "('P31', 'Q5', 'P54', 'P27', 'P735')": -17.582029157736446,
        "('P17', 'P31', 'P131', 'Q30', 'P421')": 2.491972938770491
    }
}